Brushset File,Internal Name,Video Path(s),Notes
Home_Electronics.brushset,Home Electronics,video.tmp/Home Electronics.mp4,
Running_Bundle.brushset,Running Bundle,video.tmp/Running Bundle.mp4,
"Louisville,_KY.brushset","Louisville, KY","video.tmp/Louisville, KY.mp4",
"Boston,_MA.brushset","Boston, MA","video.tmp/Boston, MA.mp4",
Father’s_Day.brushset,Father’s Day,video.tmp/Father’s Day.mp4,
Baby_Animal.brushset,10 Baby Animal,video.tmp/10 Baby Animal.mp4,
Isometric_Houses.brushset,Isometric Houses,video.tmp/Isometric Houses.mp4,
Crown_Tattoo.brushset,Crown Tattoo,video.tmp/Crown Tattoo.mp4,
Anime_Samurai.brushset,Anime Samurai,video.tmp/Anime Samurai.mp4,
Gorilla_Bundle.brushset,Gorilla Bundle,video.tmp/Gorilla Bundle.mp4,
Ships_and_Boats_scene.brushset,Ships and Boats scene,video.tmp/Ships and Boats scene.mp4,
Kawaii_Cat.brushset,Kawaii Cat,video.tmp/Kawaii Cat.mp4,
Mascara_Wand_and_Brush_Scene.brushset,Mascara Wand and Brush Scene,video.tmp/Mascara Wand and Brush Scene.mp4,
Bench.brushset,Bench,video.tmp/Bench.mp4,
Possessed_Object.brushset,Possessed Object,video.tmp/Possessed Object.mp4,
Mystical_Symbols.brushset,25 Mystical Symbols,video.tmp/25 Mystical Symbols.mp4,
Sandals_bundle.brushset,Sandals bundle,video.tmp/Sandals bundle.mp4,
Furniture.brushset,Furniture,video.tmp/Furniture.mp4,
crown.brushset,crown,video.tmp/crown.mp4,
Gothic_Art.brushset,Gothic Art,video.tmp/Gothic Art.mp4,
Butterfly_Collection.brushset,Butterfly Collection,video.tmp/Butterfly Collection.mp4,
Mountain_Lion.brushset,Mountain Lion,video.tmp/Mountain Lion.mp4,
Christmas_Gifts_and_Bows.brushset,Christmas Gifts and Bows,video.tmp/Christmas Gifts and Bows.mp4,
Black-Tailed_Prairie_Dog.brushset,Black-Tailed Prairie Dog,video.tmp/Black-Tailed Prairie Dog.mp4,
Nordic_Mythical_Creatures.brushset,Nordic Mythical Creatures,video.tmp/Nordic Mythical Creatures.mp4,
Peony_Passion.brushset,Peony Passion,video.tmp/Peony Passion.mp4,
Exotic_Fruits (1).brushset,Exotic Fruits,video.tmp/Exotic Fruits.mp4,Duplicate name (2x)
weed_bundle.brushset,weed bundle,video.tmp/weed bundle.mp4,
Music_Studio.brushset,Music Studio,video.tmp/Music Studio.mp4,
Peregrine_Falcon.brushset,Peregrine Falcon,video.tmp/Peregrine Falcon.mp4,
Anime_Demon.brushset,Anime Demon,video.tmp/Anime Demon.mp4,
Astronaut_Adventures.brushset,Astronaut Adventures,video.tmp/Astronaut Adventures.mp4,
Construction_Workers.brushset,Construction Workers,video.tmp/Construction Workers.mp4,
Mythical_Animals.brushset,4 Mythical Animals,video.tmp/4 Mythical Animals.mp4,
Shirts_and_Blouses.brushset,Shirts and Blouses,video.tmp/Shirts and Blouses.mp4,
Dessert_Fantasy.brushset,Dessert Fantasy,video.tmp/Dessert Fantasy.mp4,
cowboy_rodeo_scenes.brushset,cowboy rodeo scenes,video.tmp/cowboy rodeo scenes.mp4,
Deer_bundle.brushset,Deer bundle,video.tmp/Deer bundle.mp4,
Mother’s_Day_collection.brushset,Mother’s Day collection,video.tmp/Mother’s Day collection.mp4,
Jeans_with_Pocket.brushset,Jeans with Pocket,video.tmp/Jeans with Pocket.mp4,
Orchid_Elegance.brushset,Orchid Elegance,video.tmp/Orchid Elegance.mp4,
"Jacksonville,_FL.brushset","Jacksonville, FL","video.tmp/Jacksonville, FL.mp4",
Panda_Bundle.brushset,Panda Bundle,video.tmp/Panda Bundle.mp4,
Western_sheriffs.brushset,Western sheriffs,video.tmp/Western sheriffs.mp4,
Backpack_Scene.brushset,Backpack Scene,video.tmp/Backpack Scene.mp4,
Field_with_Windmill.brushset,Field with Windmill,video.tmp/Field with Windmill.mp4,
Holy_Scriptures.brushset,Holy Scriptures,video.tmp/Holy Scriptures.mp4,
Apple_Pie_bundle.brushset,Apple Pie bundle,video.tmp/Apple Pie bundle.mp4,
"San_Jose,_CA.brushset","San Jose, CA","video.tmp/San Jose, CA.mp4",
Bangs_Guide.brushset,Bangs Guide,video.tmp/Bangs Guide.mp4,
Snow_Leopard.brushset,Snow Leopard,video.tmp/Snow Leopard.mp4,
Typewriter.brushset,Typewriter,video.tmp/Typewriter.mp4,
Dreadlocks.brushset,Dreadlocks,video.tmp/Dreadlocks.mp4,
Boots_bundle.brushset,Boots bundle,video.tmp/Boots bundle.mp4,
Casual_Day_Dresses.brushset,Casual Day Dresses,video.tmp/Casual Day Dresses.mp4,
Bamboo_Forest.brushset,Bamboo Forest,video.tmp/Bamboo Forest.mp4,
Anime_Schoolgirl.brushset,Anime Schoolgirl,video.tmp/Anime Schoolgirl.mp4,
3_Arctic_Wildlife.brushset,3 Arctic Wildlife,video.tmp/3 Arctic Wildlife.mp4,
Fairy_Tale_Scenes.brushset,Fairy Tale Scenes,video.tmp/Fairy Tale Scenes.mp4,
Pants_Collection.brushset,Pants Collection,video.tmp/Pants Collection.mp4,
Fitness_Routine.brushset,Fitness Routine,video.tmp/Fitness Routine.mp4,
spooky_silhouettes.brushset,spooky silhouettes,video.tmp/spooky silhouettes.mp4,
Crystal_Cavern.brushset,Crystal Cavern,video.tmp/Crystal Cavern.mp4,
Nativity_Scene.brushset,Nativity Scene,video.tmp/Nativity Scene.mp4,
Penguin_Bundle.brushset,Penguin Bundle,video.tmp/Penguin Bundle.mp4,
Volcano_Scene.brushset,Volcano Scene,video.tmp/Volcano Scene.mp4,
Western_Boots.brushset,Western Boots,video.tmp/Western Boots.mp4,
Fashion_Trends.brushset,Fashion Trends,video.tmp/Fashion Trends.mp4,
Celtic_Knot_Tattoo.brushset,16 Celtic Knot Tattoo,video.tmp/16 Celtic Knot Tattoo.mp4,
Kawaii_Ice_Cream.brushset,Kawaii Ice Cream,video.tmp/Kawaii Ice Cream.mp4,
Key_Lock_Tattoo.brushset,Key Lock Tattoo,video.tmp/Key Lock Tattoo.mp4,
Volcano.brushset,Volcano,video.tmp/Volcano.mp4,
Cruciferous_Vegetables.brushset,Cruciferous Vegetables,video.tmp/Cruciferous Vegetables.mp4,
Forest_River.brushset,Forest River,video.tmp/Forest River.mp4,
Cottage_in_the_Woods.brushset,Cottage in the Woods,video.tmp/Cottage in the Woods.mp4,
Swamp_With_Wildlife.brushset,Swamp With Wildlife,video.tmp/Swamp With Wildlife.mp4,
Boy_Playing_Basketball.brushset,Boy Playing Basketball,video.tmp/Boy Playing Basketball.mp4,
Herbs_&_Greens.brushset,Herbs & Greens,video.tmp/Herbs & Greens.mp4,
"Bangkok,_Thailand.brushset","Bangkok, Thailand","video.tmp/Bangkok, Thailand.mp4",
Modern_Kitchen.brushset,Modern Kitchen,video.tmp/Modern Kitchen.mp4,
7_Wild_Animals.brushset,7 Wild Animals,video.tmp/7 Wild Animals.mp4,
Afro_Boy.brushset,Afro Boy,video.tmp/Afro Boy.mp4,
Hat.brushset,Hat,video.tmp/Hat.mp4,
white_tailed_deer.brushset,white tailed deer,video.tmp/white tailed deer.mp4,
Victorian_Jewelry.brushset,Victorian Jewelry,video.tmp/Victorian Jewelry.mp4,
Classic_Cars_scene.brushset,Classic Cars scene,video.tmp/Classic Cars scene.mp4,
Fields_of_Crops.brushset,Fields of Crops,video.tmp/Fields of Crops.mp4,
Jaguar_bundle.brushset,Jaguar bundle,video.tmp/Jaguar bundle.mp4,
Candle.brushset,Candle,video.tmp/Candle.mp4,
Nature_Landscape.brushset,Nature Landscape,video.tmp/Nature Landscape.mp4,
Autumn_Park.brushset,Autumn Park,video.tmp/Autumn Park.mp4,
Braided_Styles.brushset,Braided Styles,video.tmp/Braided Styles.mp4,
Wildflowers_Meadow.brushset,Wildflowers Meadow,video.tmp/Wildflowers Meadow.mp4,
Space_Station.brushset,Space Station,video.tmp/Space Station.mp4,
Bracelets_&_Bangles.brushset,Bracelets & Bangles,video.tmp/Bracelets & Bangles.mp4,
Tiki_Bar_Scene.brushset,Tiki Bar Scene,video.tmp/Tiki Bar Scene.mp4,
Rose_and_Skull.brushset,Rose and Skull,video.tmp/Rose and Skull.mp4,
residential_architecture.brushset,residential architecture,video.tmp/residential architecture.mp4,
"Charlotte,_NC.brushset","Charlotte, NC","video.tmp/Charlotte, NC.mp4",
Anime_Villain.brushset,Anime Villain,video.tmp/Anime Villain.mp4,
Koala_Bundle.brushset,Koala Bundle,video.tmp/Koala Bundle.mp4,
Couple_Holding_Hands.brushset,Couple Holding Hands,video.tmp/Couple Holding Hands.mp4,
Royal_Coronation.brushset,Royal Coronation,video.tmp/Royal Coronation.mp4,
American_Robin.brushset,American Robin,video.tmp/American Robin.mp4,
Construction_Worker.brushset,Construction Worker,video.tmp/Construction Worker.mp4,
Eyewear_bundle.brushset,Eyewear bundle,video.tmp/Eyewear bundle.mp4,
Law_and_Order.brushset,Law and Order,video.tmp/Law and Order.mp4,
Root_Vegetables.brushset,Root Vegetables,video.tmp/Root Vegetables.mp4,
Emergency_Vehicles.brushset,Emergency Vehicles,video.tmp/Emergency Vehicles.mp4,
Nordic_gods.brushset,Nordic gods,video.tmp/Nordic gods.mp4,
Anchor_with_Rope.brushset,Anchor with Rope,video.tmp/Anchor with Rope.mp4,
"Columbus,_OH.brushset","Columbus, OH","video.tmp/Columbus, OH.mp4",
Victorian_Architecture.brushset,Victorian Architecture,video.tmp/Victorian Architecture.mp4,
Girl_Cooking.brushset,Girl Cooking,video.tmp/Girl Cooking.mp4,
Raccoon_bundle.brushset,Raccoon bundle,video.tmp/Raccoon bundle.mp4,
Lotus_flowers.brushset,Lotus flowers,video.tmp/Lotus flowers.mp4,
Anime_Princess.brushset,Anime Princess,video.tmp/Anime Princess.mp4,
Fearful_Pose.brushset,Fearful Pose,video.tmp/Fearful Pose.mp4,
Bridesmaid_Dresses.brushset,Bridesmaid Dresses,video.tmp/Bridesmaid Dresses.mp4,
Fairy_in_a_Flower.brushset,Fairy in a Flower,video.tmp/Fairy in a Flower.mp4,
Christmas_Stockings.brushset,18 Christmas Stockings,video.tmp/18 Christmas Stockings.mp4,
The_Holy_Cross.brushset,The Holy Cross,video.tmp/The Holy Cross.mp4,
Mermaid.brushset,Mermaid,video.tmp/Mermaid.mp4,
Koi_fish_tattoo.brushset,24 Koi fish tattoo,video.tmp/24 Koi fish tattoo.mp4,
Farm_Fresh_Produce.brushset,Farm Fresh Produce,video.tmp/Farm Fresh Produce.mp4,
Enchanted_Forest.brushset,Enchanted Forest,video.tmp/Enchanted Forest.mp4,
tennis_bundle.brushset,tennis bundle,video.tmp/tennis bundle.mp4,
Evening_Gowns.brushset,Evening Gowns,video.tmp/Evening Gowns.mp4,
1_Animals_Portrait.brushset,1 Animals Portrait,video.tmp/1 Animals Portrait.mp4,
Snow-Covered_Pines.brushset,Snow-Covered Pines,video.tmp/Snow-Covered Pines.mp4,
Rose_Delight.brushset,Rose Delight,video.tmp/Rose Delight.mp4,
Camping_Design.brushset,Camping Design,video.tmp/Camping Design.mp4,
Kawaii_Panda.brushset,Kawaii Panda,video.tmp/Kawaii Panda.mp4,
Skeleton_Workouts.brushset,Skeleton Workouts,video.tmp/Skeleton Workouts.mp4,
wine_and_cheese_pairings.brushset,wine and cheese pairings,video.tmp/wine and cheese pairings.mp4,
Brim_Hat_Scene.brushset,Brim Hat Scene,video.tmp/Brim Hat Scene.mp4,
Waterfall_bundle.brushset,Waterfall bundle,video.tmp/Waterfall bundle.mp4,
Woman_Cooking.brushset,Woman Cooking,video.tmp/Woman Cooking.mp4,
Christmas_Icons.brushset,17 Christmas Icons,video.tmp/17 Christmas Icons.mp4,
possessed_characters.brushset,possessed characters,video.tmp/possessed characters.mp4,
Lawyer.brushset,Lawyer,video.tmp/Lawyer.mp4,
Kawaii_Dinosaur.brushset,Kawaii Dinosaur,video.tmp/Kawaii Dinosaur.mp4,
American_black_bear.brushset,American black bear,video.tmp/American black bear.mp4,
"Phoenix,_AZ.brushset","Phoenix, AZ","video.tmp/Phoenix, AZ.mp4",
beach_resorts.brushset,beach resorts,video.tmp/beach resorts.mp4,
Victorian_Gardens.brushset,Victorian Gardens,video.tmp/Victorian Gardens.mp4,
Home_Office_Setup.brushset,Home Office Setup,video.tmp/Home Office Setup.mp4,
Nutcracker_Characters.brushset,26 Nutcracker Characters,video.tmp/26 Nutcracker Characters.mp4,
"Tokyo,_Japan.brushset","Tokyo, Japan","video.tmp/Tokyo, Japan.mp4",
Woman_Outfit.brushset,Woman Outfit,video.tmp/Woman Outfit.mp4,
"Shanghai,_China.brushset","Shanghai, China","video.tmp/Shanghai, China.mp4",
Sports_Trophies.brushset,Sports Trophies,video.tmp/Sports Trophies.mp4,
"San_Antonio,_TX.brushset","San Antonio, TX","video.tmp/San Antonio, TX.mp4",
Singapore.brushset,Singapore,video.tmp/Singapore.mp4,
marijuana.brushset,marijuana,video.tmp/marijuana.mp4,
Monsters_and_Ghouls.brushset,Monsters and Ghouls,video.tmp/Monsters and Ghouls.mp4,
Haunted_House (1).brushset,Haunted House,MISSING,
Armor.brushset,Armor,video.tmp/Armor.mp4,
Mythical_Beasts.brushset,Mythical Beasts,video.tmp/Mythical Beasts.mp4,
Breakfast_Favorites.brushset,Breakfast Favorites,video.tmp/Breakfast Favorites.mp4,
Savanna_Scene.brushset,Savanna Scene,video.tmp/Savanna Scene.mp4,
Anime_Vampire.brushset,Anime Vampire,video.tmp/Anime Vampire.mp4,
Bedroom_Retreats.brushset,Bedroom Retreats,video.tmp/Bedroom Retreats.mp4,
Athleisure_Wear.brushset,Athleisure Wear,video.tmp/Athleisure Wear.mp4,
Planets_and_Moons.brushset,Planets and Moons,video.tmp/Planets and Moons.mp4,
Countryside_Hills.brushset,Countryside Hills,video.tmp/Countryside Hills.mp4,
Key_Lime_Pie.brushset,Key Lime Pie,video.tmp/Key Lime Pie.mp4,
Cat_Bundle.brushset,Cat Bundle,video.tmp/Cat Bundle.mp4,
14_Reptile_Kingdom.brushset,14 Reptile Kingdom,video.tmp/14 Reptile Kingdom.mp4,
Anime_Dragon.brushset,Anime Dragon,video.tmp/Anime Dragon.mp4,
New_Year’s_Eve_collection.brushset,New Year’s Eve collection,video.tmp/New Year’s Eve collection.mp4,
Sofa_Set.brushset,Sofa Set,video.tmp/Sofa Set.mp4,
Self-Care_Rituals.brushset,Self-Care Rituals,video.tmp/Self-Care Rituals.mp4,
Bear_Bundle.brushset,Bear Bundle,video.tmp/Bear Bundle.mp4,
Witchcraft_and_Potions.brushset,Witchcraft and Potions,video.tmp/Witchcraft and Potions.mp4,
Celtic_Symbols.brushset,Celtic Symbols,video.tmp/Celtic Symbols.mp4,
Space_Scene.brushset,Space Scene,video.tmp/Space Scene.mp4,
Exotic_Fruits.brushset,Exotic Fruits,video.tmp/Exotic Fruits.mp4,Duplicate name (2x)
Cycling_Bundle.brushset,Cycling Bundle,video.tmp/Cycling Bundle.mp4,
Chocolate_Chip_Cookie.brushset,Chocolate Chip Cookie,video.tmp/Chocolate Chip Cookie.mp4,
Swimming_Bundle.brushset,Swimming Bundle,video.tmp/Swimming Bundle.mp4,
Bakery_Delights.brushset,Bakery Delights,video.tmp/Bakery Delights.mp4,
Watches_&_Clocks.brushset,Watches & Clocks,video.tmp/Watches & Clocks.mp4,
Skeleton_Dancing.brushset,Skeleton Dancing,video.tmp/Skeleton Dancing.mp4,
Pet_Care.brushset,Pet Care,video.tmp/Pet Care.mp4,
Prince_and_Princess_Attire.brushset,Prince and Princess Attire,video.tmp/Prince and Princess Attire.mp4,
Anime_Ghost.brushset,Anime Ghost,video.tmp/Anime Ghost.mp4,
Autumn_Fruits.brushset,Autumn Fruits,video.tmp/Autumn Fruits.mp4,Duplicate name (2x)
Isometric_Room.brushset,Isometric Room,video.tmp/Isometric Room.mp4,
Robotic_Dog_Scene.brushset,Robotic Dog Scene,video.tmp/Robotic Dog Scene.mp4,
"Sֶo_Paulo,_Brazil.brushset","Sֶo Paulo, Brazil","video.tmp/Sֶo Paulo, Brazil.mp4",
"Philadelphia,_PA.brushset","Philadelphia, PA","video.tmp/Philadelphia, PA.mp4",
Jackets_and_Coats.brushset,Jackets and Coats,video.tmp/Jackets and Coats.mp4,
Coffee_Shop.brushset,Coffee Shop,MISSING,
Corporate_Office.brushset,Corporate Office,video.tmp/Corporate Office.mp4,
pirate_ship_tattoos.brushset,pirate ship tattoos,video.tmp/pirate ship tattoos.mp4,
Snowy_Cottage.brushset,Snowy Cottage,video.tmp/Snowy Cottage.mp4,
Japanese_Zen_Garden.brushset,Japanese Zen Garden,video.tmp/Japanese Zen Garden.mp4,
Man_Lifting_Weights.brushset,Man Lifting Weights,video.tmp/Man Lifting Weights.mp4,
Fairy_Garden.brushset,Fairy Garden,video.tmp/Fairy Garden.mp4,
5_Ocean_Creatures.brushset,5 Ocean Creatures,video.tmp/5 Ocean Creatures.mp4,
American_alligator.brushset,American alligator,video.tmp/American alligator.mp4,
Woman_in_Yoga_Poses.brushset,Woman in Yoga Poses,video.tmp/Woman in Yoga Poses.mp4,
Fashion_Icon.brushset,Fashion Icon,video.tmp/Fashion Icon.mp4,
Isometric_Street_View.brushset,Isometric Street View,video.tmp/Isometric Street View.mp4,
River_Otter.brushset,River Otter,video.tmp/River Otter.mp4,
Christmas_gnome.brushset,Christmas gnome,video.tmp/Christmas gnome.mp4,
Western_Campfire.brushset,Western Campfire,video.tmp/Western Campfire.mp4,
Anime_Fighter.brushset,Anime Fighter,video.tmp/Anime Fighter.mp4,
snake_&_rose_tattoo.brushset,snake & rose tattoo,video.tmp/snake & rose tattoo.mp4,
Chrysanthemum_Scene.brushset,Chrysanthemum Scene,video.tmp/Chrysanthemum Scene.mp4,
Futuristic_Energy_Weapons.brushset,Futuristic Energy Weapons,video.tmp/Futuristic Energy Weapons.mp4,
featuring_bridges.brushset,featuring bridges,video.tmp/featuring bridges.mp4,
zombies.brushset,zombies,video.tmp/zombies.mp4,
"Dubai,_UAE.brushset","Dubai, UAE","video.tmp/Dubai, UAE.mp4",
Hamsa_Hands.brushset,23 Hamsa Hands,video.tmp/23 Hamsa Hands.mp4,
Gym_Equipment.brushset,Gym Equipment,video.tmp/Gym Equipment.mp4,
"Sydney,_Australia.brushset","Sydney, Australia","video.tmp/Sydney, Australia.mp4",
Fairy_Tale_Cottage.brushset,Fairy Tale Cottage,video.tmp/Fairy Tale Cottage.mp4,
Western_Guns.brushset,Western Guns,video.tmp/Western Guns.mp4,
Anime_Superpower.brushset,Anime Superpower,video.tmp/Anime Superpower.mp4,
Ranch_Life_Scenes.brushset,Ranch Life Scenes,video.tmp/Ranch Life Scenes.mp4,
Agriculture_and_Farming.brushset,Agriculture and Farming,video.tmp/Agriculture and Farming.mp4,
Sloth_Bundle.brushset,Sloth Bundle,video.tmp/Sloth Bundle.mp4,
"Detroit,_MI.brushset","Detroit, MI","video.tmp/Detroit, MI.mp4",
Plus-Size_Woman.brushset,Plus-Size Woman,video.tmp/Plus-Size Woman.mp4,
St._Patrick’s_Day.brushset,St. Patrick’s Day,video.tmp/St. Patrick’s Day.mp4,
raven_tattoo.brushset,raven tattoo,video.tmp/raven tattoo.mp4,
"Portland,_OR.brushset","Portland, OR","video.tmp/Portland, OR.mp4",
Woman_Gardening.brushset,Woman Gardening,video.tmp/Woman Gardening.mp4,
Barber_Shop.brushset,Barber Shop,video.tmp/Barber Shop.mp4,
Halloween_Icons.brushset,Halloween Icons,video.tmp/Halloween Icons.mp4,
Surprised_Pose.brushset,Surprised Pose,video.tmp/Surprised Pose.mp4,
Kitchen_Appliances.brushset,Kitchen Appliances,video.tmp/Kitchen Appliances.mp4,
Male_Torso.brushset,Male Torso,video.tmp/Male Torso.mp4,
Sunflower_Charm.brushset,Sunflower Charm,video.tmp/Sunflower Charm.mp4,
A_Boy_Playing.brushset,A Boy Playing,video.tmp/A Boy Playing.mp4,
Buddhist_Symbols_and_Mandalas.brushset,Buddhist Symbols and Mandalas,video.tmp/Buddhist Symbols and Mandalas.mp4,
Expressions.brushset,Expressions,video.tmp/Expressions.mp4,
Wild_Turkey.brushset,Wild Turkey,video.tmp/Wild Turkey.mp4,
California_Sea_Lion.brushset,California Sea Lion,video.tmp/California Sea Lion.mp4,
Dress_Shoes.brushset,Dress Shoes,video.tmp/Dress Shoes.mp4,
Blue_Jay_bundle.brushset,Blue Jay bundle,video.tmp/Blue Jay bundle.mp4,
"Buenos_Aires,_Argentina.brushset","Buenos Aires, Argentina","video.tmp/Buenos Aires, Argentina.mp4",
Dog_Bundle.brushset,Dog Bundle,video.tmp/Dog Bundle.mp4,
Fast_Food_Packaging.brushset,Fast Food Packaging,video.tmp/Fast Food Packaging.mp4,
Heart-Shaped_Sunglasses.brushset,Heart-Shaped Sunglasses,video.tmp/Heart-Shaped Sunglasses.mp4,
Wings_of_Insects.brushset,Wings of Insects,video.tmp/Wings of Insects.mp4,
Son_Riding_a_Bicycle_Pose.brushset,Son Riding a Bicycle Pose,video.tmp/Son Riding a Bicycle Pose.mp4,
Teacher.brushset,Teacher,video.tmp/Teacher.mp4,
"Fort_Worth,_TX.brushset","Fort Worth, TX","video.tmp/Fort Worth, TX.mp4",
isometric_gardens.brushset,isometric gardens,video.tmp/isometric gardens.mp4,
Runway_Looks.brushset,Runway Looks,video.tmp/Runway Looks.mp4,
Fisherman.brushset,Fisherman,video.tmp/Fisherman.mp4,
Citrus_Collection.brushset,Citrus Collection,video.tmp/Citrus Collection.mp4,
Curtains_with_Rod.brushset,Curtains with Rod,video.tmp/Curtains with Rod.mp4,
Gloves_&_Mittens.brushset,Gloves & Mittens,video.tmp/Gloves & Mittens.mp4,
Couple_Hugging.brushset,Couple Hugging,video.tmp/Couple Hugging.mp4,
Urban_Jungle_Design.brushset,Urban Jungle Design,video.tmp/Urban Jungle Design.mp4,
Scarecrow.brushset,Scarecrow,video.tmp/Scarecrow.mp4,
Woman_Working_at_a_Desk.brushset,Woman Working at a Desk,video.tmp/Woman Working at a Desk.mp4,
Piano.brushset,Piano,video.tmp/Piano.mp4,
Northen_Cardinal.brushset,Northen Cardinal,video.tmp/Northen Cardinal.mp4,
bat_tattoo.brushset,bat tattoo,video.tmp/bat tattoo.mp4,
Sushi_&_Ramen.brushset,Sushi & Ramen,video.tmp/Sushi & Ramen.mp4,
Earnings.brushset,Earnings,video.tmp/Earnings.mp4,
Cottage_by_a_Farm.brushset,Cottage by a Farm,video.tmp/Cottage by a Farm.mp4,
cocktail_dresses.brushset,cocktail dresses,video.tmp/cocktail dresses.mp4,
Fishing_Scene.brushset,Fishing Scene,video.tmp/Fishing Scene.mp4,
Fairytale_Castle.brushset,Fairytale Castle,video.tmp/Fairytale Castle.mp4,
Alien_Planets.brushset,Alien Planets,video.tmp/Alien Planets.mp4,
Bookstore.brushset,Bookstore,video.tmp/Bookstore.mp4,
Pirate_Weaponry.brushset,Pirate Weaponry,video.tmp/Pirate Weaponry.mp4,
"Paris,_France.brushset","Paris, France","video.tmp/Paris, France.mp4",
Laundry_Rooms.brushset,Laundry Rooms,video.tmp/Laundry Rooms.mp4,
Wine_Tasting_Essentials.brushset,Wine Tasting Essentials,video.tmp/Wine Tasting Essentials.mp4,
School_Furniture.brushset,School Furniture,video.tmp/School Furniture.mp4,
"Houston,_TX.brushset","Houston, TX","video.tmp/Houston, TX.mp4",
"Barcelona,_Spain.brushset","Barcelona, Spain","video.tmp/Barcelona, Spain.mp4",
Wardrobe.brushset,Wardrobe,video.tmp/Wardrobe.mp4,
Classroom_Desk.brushset,Classroom Desk,video.tmp/Classroom Desk.mp4,
ice_cream_sundaes.brushset,ice cream sundaes,video.tmp/ice cream sundaes.mp4,
Kawaii_Cute_Plants.brushset,Kawaii Cute Plants,video.tmp/Kawaii Cute Plants.mp4,
snowmobile_bundle.brushset,snowmobile bundle,video.tmp/snowmobile bundle.mp4,
Prom_Dresses.brushset,Prom Dresses,video.tmp/Prom Dresses.mp4,
Vintage_Dresses.brushset,Vintage Dresses,video.tmp/Vintage Dresses.mp4,
Festive_Animals.brushset,Festive Animals,video.tmp/Festive Animals.mp4,
6_Tropical_Birds.brushset,6 Tropical Birds,video.tmp/6 Tropical Birds.mp4,
Sunset_at_the_Beach.brushset,Sunset at the Beach,video.tmp/Sunset at the Beach.mp4,
Christmas_Elves.brushset,Christmas Elves,video.tmp/Christmas Elves.mp4,
Robot_Scene.brushset,Robot Scene,video.tmp/Robot Scene.mp4,
Descriptions_of_Libraries.brushset,Descriptions of Libraries,video.tmp/Descriptions of Libraries.mp4,
American_Pika.brushset,American Pika,video.tmp/American Pika.mp4,
couple.brushset,couple,video.tmp/couple.mp4,
Bookshelf_with_Books.brushset,Bookshelf with Books,video.tmp/Bookshelf with Books.mp4,
Anime_Robot.brushset,Anime Robot,video.tmp/Anime Robot.mp4,
Mangrove_Scene.brushset,Mangrove Scene,video.tmp/Mangrove Scene.mp4,
Hippo_Bundle.brushset,Hippo Bundle,video.tmp/Hippo Bundle.mp4,
A_Man_Relaxing.brushset,A Man Relaxing,video.tmp/A Man Relaxing.mp4,
Bonus_Bundle.brushset,Bonus Bundle,video.tmp/Bonus Bundle.mp4,
military_dogs.brushset,military dogs,video.tmp/military dogs.mp4,
Spacecraft_scene.brushset,Spacecraft scene,video.tmp/Spacecraft scene.mp4,
Magical_Book.brushset,Magical Book,video.tmp/Magical Book.mp4,
Brewery_Craft.brushset,Brewery Craft,video.tmp/Brewery Craft.mp4,
"Baltimore,_MD.brushset","Baltimore, MD","video.tmp/Baltimore, MD.mp4",
Kawaii_Schoolboy.brushset,Kawaii Schoolboy,video.tmp/Kawaii Schoolboy.mp4,
North_American_beaver.brushset,North American beaver,video.tmp/North American beaver.mp4,
Hospital_Scenes.brushset,Hospital Scenes,video.tmp/Hospital Scenes.mp4,
Scandinavian_Hygge.brushset,Scandinavian Hygge,video.tmp/Scandinavian Hygge.mp4,
Christmas_Wreath.brushset,20 Christmas Wreath,video.tmp/20 Christmas Wreath.mp4,
Fireplace_Scene.brushset,Fireplace Scene,video.tmp/Fireplace Scene.mp4,
Horse_bundle.brushset,Horse bundle,video.tmp/Horse bundle.mp4,
industrial_buildings.brushset,industrial buildings,video.tmp/industrial buildings.mp4,
Comfy_Armchair.brushset,Comfy Armchair,video.tmp/Comfy Armchair.mp4,
Retro_Film_Cameras.brushset,Retro Film Cameras,video.tmp/Retro Film Cameras.mp4,
Victorian_Fashion.brushset,Victorian Fashion,video.tmp/Victorian Fashion.mp4,
Golden_Eagle.brushset,Golden Eagle,video.tmp/Golden Eagle.mp4,
Wedding_Dresses.brushset,Wedding Dresses,video.tmp/Wedding Dresses.mp4,
Motorcycles.brushset,Motorcycles,video.tmp/Motorcycles.mp4,
Christmas_Ornaments.brushset,Christmas Ornaments,video.tmp/Christmas Ornaments.mp4,
Hydrangea_Harmony.brushset,Hydrangea Harmony,video.tmp/Hydrangea Harmony.mp4,
Viking_Weapons.brushset,Viking Weapons,video.tmp/Viking Weapons.mp4,
Pronghorn_Antelope.brushset,Pronghorn Antelope,video.tmp/Pronghorn Antelope.mp4,
Vintage_Perfume_Bottles.brushset,Vintage Perfume Bottles,video.tmp/Vintage Perfume Bottles.mp4,
Western_town_scenes.brushset,Western town scenes,video.tmp/Western town scenes.mp4,
Vintage_US_Western.brushset,Vintage US Western,video.tmp/Vintage US Western.mp4,
Leafy_Greens.brushset,Leafy Greens,video.tmp/Leafy Greens.mp4,
Gingerbread_Houses.brushset,Gingerbread Houses,video.tmp/Gingerbread Houses.mp4,
Magnolia_Scene.brushset,Magnolia Scene,video.tmp/Magnolia Scene.mp4,
Nordic_Runes_and_Symbols.brushset,Nordic Runes and Symbols,video.tmp/Nordic Runes and Symbols.mp4,
ManWoman_with_Headset_Scene.brushset,ManWoman with Headset Scene,video.tmp/ManWoman with Headset Scene.mp4,
Drums.brushset,Drums,video.tmp/Drums.mp4,
styles_of_bicycles.brushset,styles of bicycles,video.tmp/styles of bicycles.mp4,
coffee_shop (1).brushset,coffee shop,video.tmp/coffee shop.mp4,
Hanging_Plants.brushset,Hanging Plants,video.tmp/Hanging Plants.mp4,
Western_Horseback_Riding.brushset,Western Horseback Riding,video.tmp/Western Horseback Riding.mp4,
Vintage_Fashion.brushset,Vintage Fashion,video.tmp/Vintage Fashion.mp4,
Abandoned_Asylum.brushset,Abandoned Asylum,video.tmp/Abandoned Asylum.mp4,
Windmill.brushset,Windmill,video.tmp/Windmill.mp4,
zebra_bundle.brushset,zebra bundle,video.tmp/zebra bundle.mp4,
Valentine's_Day.brushset,Valentine's Day,video.tmp/Valentine's Day.mp4,
Sneakers.brushset,Sneakers,video.tmp/Sneakers.mp4,
Halloween_Creepy_Crawlies.brushset,Halloween Creepy Crawlies,video.tmp/Halloween Creepy Crawlies.mp4,
Cockroaches_&_Beetles.brushset,Cockroaches & Beetles,video.tmp/Cockroaches & Beetles.mp4,
11_Dinosaur.brushset,11 Dinosaur,video.tmp/11 Dinosaur.mp4,
fox_tattoo.brushset,fox tattoo,video.tmp/fox tattoo.mp4,
"Oklahoma_City,_OK.brushset","Oklahoma City, OK","video.tmp/Oklahoma City, OK.mp4",
Kawaii_Cupcake.brushset,Kawaii Cupcake,video.tmp/Kawaii Cupcake.mp4,
Desert_Landscapes.brushset,Desert Landscapes,video.tmp/Desert Landscapes.mp4,
"El_Paso,_TX.brushset","El Paso, TX","video.tmp/El Paso, TX.mp4",
Fishing_Net_Scene.brushset,Fishing Net Scene,video.tmp/Fishing Net Scene.mp4,
Kawaii_Furniture.brushset,Kawaii Furniture,video.tmp/Kawaii Furniture.mp4,
12_Farm_Animals.brushset,12 Farm Animals,video.tmp/12 Farm Animals.mp4,
Vintage_Whiskey.brushset,Vintage Whiskey,video.tmp/Vintage Whiskey.mp4,
Beard.brushset,Beard,video.tmp/Beard.mp4,
dream_catcher_tattoo.brushset,dream catcher tattoo,video.tmp/dream catcher tattoo.mp4,
Firefighter.brushset,Firefighter,video.tmp/Firefighter.mp4,
Woman_Gesture.brushset,Woman Gesture,video.tmp/Woman Gesture.mp4,
Wicked_Witches_tattoos.brushset,Wicked Witches tattoos,video.tmp/Wicked Witches tattoos.mp4,
Gopher_Tortoise.brushset,Gopher Tortoise,video.tmp/Gopher Tortoise.mp4,
Formal_Attire.brushset,Formal Attire,video.tmp/Formal Attire.mp4,
Marine_Life_Wonders.brushset,Marine Life Wonders,video.tmp/Marine Life Wonders.mp4,
Succulent_Garden.brushset,Succulent Garden,video.tmp/Succulent Garden.mp4,
"Los_Angeles,_CA.brushset","Los Angeles, CA","video.tmp/Los Angeles, CA.mp4",
Angry_Pose.brushset,Angry Pose,video.tmp/Angry Pose.mp4,
Mystical_Castles.brushset,Mystical Castles,video.tmp/Mystical Castles.mp4,
"Moscow,_Russia.brushset","Moscow, Russia","video.tmp/Moscow, Russia.mp4",
Makeup_Palette_with_Brushes.brushset,Makeup Palette with Brushes,video.tmp/Makeup Palette with Brushes.mp4,
Daisy_Dreams.brushset,Daisy Dreams,video.tmp/Daisy Dreams.mp4,
Poppy_Scene.brushset,Poppy Scene,video.tmp/Poppy Scene.mp4,
Kawaii_Bird.brushset,Kawaii Bird,video.tmp/Kawaii Bird.mp4,
Magical_Phoenix.brushset,Magical Phoenix,video.tmp/Magical Phoenix.mp4,
Medical_Professionals.brushset,Medical Professionals,video.tmp/Medical Professionals.mp4,
urban_landscapes.brushset,urban landscapes,video.tmp/urban landscapes.mp4,
American_Coyote.brushset,American Coyote,video.tmp/American Coyote.mp4,
Christian_Festivals.brushset,Christian Festivals,video.tmp/Christian Festivals.mp4,
Fashion_Accessories.brushset,Fashion Accessories,video.tmp/Fashion Accessories.mp4,
Dancing_Ballet_Pose.brushset,Dancing Ballet Pose,video.tmp/Dancing Ballet Pose.mp4,
Cufflinks_&_Tie_Clips.brushset,Cufflinks & Tie Clips,video.tmp/Cufflinks & Tie Clips.mp4,
"Indianapolis,_IN.brushset","Indianapolis, IN","video.tmp/Indianapolis, IN.mp4",
Eagle_Bundle.brushset,Eagle Bundle,video.tmp/Eagle Bundle.mp4,
Lips.brushset,Lips,video.tmp/Lips.mp4,
"Nashville,_TN.brushset","Nashville, TN","video.tmp/Nashville, TN.mp4",
national_parks.brushset,national parks,video.tmp/national parks.mp4,
Kawaii_Robot.brushset,Kawaii Robot,video.tmp/Kawaii Robot.mp4,
Skeleton_Pose.brushset,Skeleton Pose,video.tmp/Skeleton Pose.mp4,
Native_American_Themes.brushset,Native American Themes,video.tmp/Native American Themes.mp4,
Classic_Buildings.brushset,Classic Buildings,video.tmp/Classic Buildings.mp4,
Leopard_Bundle.brushset,Leopard Bundle,video.tmp/Leopard Bundle.mp4,
Ants_&_Their_Habitats.brushset,Ants & Their Habitats,video.tmp/Ants & Their Habitats.mp4,
Fairy_Tale_Houses.brushset,Fairy Tale Houses,video.tmp/Fairy Tale Houses.mp4,
American_bison.brushset,American bison,video.tmp/American bison.mp4,
Wine_Varieties.brushset,Wine Varieties,video.tmp/Wine Varieties.mp4,
Fishing_Boat_Scene.brushset,Fishing Boat Scene,video.tmp/Fishing Boat Scene.mp4,
Spooky_Creatures.brushset,Spooky Creatures,video.tmp/Spooky Creatures.mp4,
Tropical_Fruits.brushset,Tropical Fruits,video.tmp/Tropical Fruits.mp4,
Autumn_Fruits (1).brushset,Autumn Fruits,video.tmp/Autumn Fruits.mp4,Duplicate name (2x)
hot_air_balloons.brushset,hot air balloons,video.tmp/hot air balloons.mp4,
modern_skyscrapers.brushset,modern skyscrapers,video.tmp/modern skyscrapers.mp4,
Dog_And_Cat_Friendship_Bundle.brushset,Dog And Cat Friendship Bundle,video.tmp/Dog And Cat Friendship Bundle.mp4,
Transportation_and_Logistics.brushset,Transportation and Logistics,video.tmp/Transportation and Logistics.mp4,
Doctor.brushset,Doctor,video.tmp/Doctor.mp4,
Children_Playing_in_a_Sandbox.brushset,Children Playing in a Sandbox,video.tmp/Children Playing in a Sandbox.mp4,
Crystal_Healing.brushset,Crystal Healing,video.tmp/Crystal Healing.mp4,
Mirror_Scene_Ideas.brushset,Mirror Scene Ideas,video.tmp/Mirror Scene Ideas.mp4,
Magical_Potions.brushset,Magical Potions,video.tmp/Magical Potions.mp4,
Day_of_the_Dead.brushset,Day of the Dead,video.tmp/Day of the Dead.mp4,
Classic_Hairstyles.brushset,Classic Hairstyles,video.tmp/Classic Hairstyles.mp4,
Kids’_Rooms.brushset,Kids’ Rooms,video.tmp/Kids’ Rooms.mp4,
Creepy_Clown.brushset,Creepy Clown,video.tmp/Creepy Clown.mp4,
Scooters_and_Mopeds.brushset,Scooters and Mopeds,video.tmp/Scooters and Mopeds.mp4,
featuring_trucks.brushset,featuring trucks,video.tmp/featuring trucks.mp4,
hunting_enviroment.brushset,hunting enviroment,video.tmp/hunting enviroment.mp4,
Lily_Love.brushset,Lily Love,video.tmp/Lily Love.mp4,
Rocky_Canyon.brushset,Rocky Canyon,video.tmp/Rocky Canyon.mp4,
Holiday_Dresses.brushset,Holiday Dresses,video.tmp/Holiday Dresses.mp4,
School_Bus.brushset,School Bus,video.tmp/School Bus.mp4,
Indian_Mandalas.brushset,Indian Mandalas,video.tmp/Indian Mandalas.mp4,
Independence_Day_(Fourth_of_July).brushset,Independence Day (Fourth of July),video.tmp/Independence Day (Fourth of July).mp4,
Ghostly_Apparition.brushset,Ghostly Apparition,video.tmp/Ghostly Apparition.mp4,
Winter_Wonderland.brushset,30 Winter Wonderland,MISSING,
Spring_Blooms.brushset,Spring Blooms,video.tmp/Spring Blooms.mp4,
Halloween_Skulls.brushset,Halloween Skulls,video.tmp/Halloween Skulls.mp4,
Soccer_Bundle.brushset,Soccer Bundle,video.tmp/Soccer Bundle.mp4,
Afro_Girl.brushset,Afro Girl,video.tmp/Afro Girl.mp4,
deer_hunting.brushset,deer hunting,video.tmp/deer hunting.mp4,
Seasonal_Fashion.brushset,Seasonal Fashion,video.tmp/Seasonal Fashion.mp4,
Ancient_Warrior_Arsenal.brushset,Ancient Warrior Arsenal,video.tmp/Ancient Warrior Arsenal.mp4,
Halloween_Monsters.brushset,Halloween Monsters,video.tmp/Halloween Monsters.mp4,
Anime_Ninja.brushset,Anime Ninja,video.tmp/Anime Ninja.mp4,
Eastern_Box_Turtle.brushset,Eastern Box Turtle,video.tmp/Eastern Box Turtle.mp4,
Brownies_bundle.brushset,Brownies bundle,video.tmp/Brownies bundle.mp4,
Owl_Bundle.brushset,Owl Bundle,video.tmp/Owl Bundle.mp4,
Eerie_Doll_Bundle.brushset,Eerie Doll Bundle,video.tmp/Eerie Doll Bundle.mp4,
Muffler.brushset,Muffler,video.tmp/Muffler.mp4,
Desert_Wildlife_Scenes.brushset,Desert Wildlife Scenes,video.tmp/Desert Wildlife Scenes.mp4,
Mountain_Lake.brushset,Mountain Lake,video.tmp/Mountain Lake.mp4,
Tiger_Bundle.brushset,Tiger Bundle,video.tmp/Tiger Bundle.mp4,
Isometric_Farm.brushset,Isometric Farm,video.tmp/Isometric Farm.mp4,
Fairy_Tale_Characters.brushset,Fairy Tale Characters,video.tmp/Fairy Tale Characters.mp4,
Street_Scenes.brushset,Street Scenes,video.tmp/Street Scenes.mp4,
sewing_tools_and_accessories.brushset,sewing tools and accessories,video.tmp/sewing tools and accessories.mp4,
Anime_Magic_Battle.brushset,Anime Magic Battle,video.tmp/Anime Magic Battle.mp4,
Cheesecake_bundle.brushset,Cheesecake bundle,video.tmp/Cheesecake bundle.mp4,
Western_Pioneers.brushset,Western Pioneers,video.tmp/Western Pioneers.mp4,
Dahlia_Scene.brushset,Dahlia Scene,video.tmp/Dahlia Scene.mp4,
Horse_and_Saddle_Scenes.brushset,Horse and Saddle Scenes,video.tmp/Horse and Saddle Scenes.mp4,
Cheetah_Bundle.brushset,Cheetah Bundle,video.tmp/Cheetah Bundle.mp4,
"Man,_Woman,_or_Child_Reading.brushset","Man, Woman, or Child Reading","video.tmp/Man, Woman, or Child Reading.mp4",
Grim_Reaper_Tattoo.brushset,Grim Reaper Tattoo,video.tmp/Grim Reaper Tattoo.mp4,
Classic_Fast_Food.brushset,Classic Fast Food,video.tmp/Classic Fast Food.mp4,
Royal_Companions.brushset,Royal Companions,video.tmp/Royal Companions.mp4,
Tulip_Treasure.brushset,Tulip Treasure,video.tmp/Tulip Treasure.mp4,
Tractor.brushset,Tractor,video.tmp/Tractor.mp4,
Geometry_Tattoo.brushset,21 Geometry Tattoo,video.tmp/21 Geometry Tattoo.mp4,
High_Heels.brushset,High Heels,video.tmp/High Heels.mp4,
Fruit_Smoothie_Ingredients.brushset,Fruit Smoothie Ingredients,video.tmp/Fruit Smoothie Ingredients.mp4,
"Washington,_DC.brushset","Washington, DC","video.tmp/Washington, DC.mp4",
Fantasy_Landscapes.brushset,Fantasy Landscapes,video.tmp/Fantasy Landscapes.mp4,
Polka_Dot_Dress.brushset,Polka Dot Dress,video.tmp/Polka Dot Dress.mp4,
Bonsai_Trees.brushset,Bonsai Trees,video.tmp/Bonsai Trees.mp4,
public_transport.brushset,public transport,video.tmp/public transport.mp4,
Victorian_Travel.brushset,Victorian Travel,video.tmp/Victorian Travel.mp4,
"Kuala_Lumpur,_Malaysia.brushset","Kuala Lumpur, Malaysia","video.tmp/Kuala Lumpur, Malaysia.mp4",
boots.brushset,boots,video.tmp/boots.mp4,
U.S._flag.brushset,U.S. flag,video.tmp/U.S. flag.mp4,
Medieval_Weapons.brushset,Medieval Weapons,video.tmp/Medieval Weapons.mp4,
Artisan_Bread.brushset,Artisan Bread,video.tmp/Artisan Bread.mp4,
Summer_Dresses.brushset,Summer Dresses,video.tmp/Summer Dresses.mp4,
"Memphis,_TN.brushset","Memphis, TN","video.tmp/Memphis, TN.mp4",
"Mumbai,_India.brushset","Mumbai, India","video.tmp/Mumbai, India.mp4",
Walrus_bundle.brushset,Walrus bundle,video.tmp/Walrus bundle.mp4,
Kawaii_Bunny.brushset,Kawaii Bunny,video.tmp/Kawaii Bunny.mp4,
Summer_Vegetable.brushset,Summer Vegetable,video.tmp/Summer Vegetable.mp4,
Marigold_Scene.brushset,Marigold Scene,video.tmp/Marigold Scene.mp4,
rural_farmhouses.brushset,rural farmhouses,video.tmp/rural farmhouses.mp4,
Helicopter_scene.brushset,Helicopter scene,video.tmp/Helicopter scene.mp4,
Beetle_Variety.brushset,Beetle Variety,video.tmp/Beetle Variety.mp4,Duplicate name (2x)
Coral_Reef.brushset,Coral Reef,video.tmp/Coral Reef.mp4,
Halloween_collection.brushset,Halloween collection,video.tmp/Halloween collection.mp4,
Closet_Scene.brushset,Closet Scene,video.tmp/Closet Scene.mp4,
Chocolate_Heaven.brushset,Chocolate Heaven,video.tmp/Chocolate Heaven.mp4,
Berry_Delight.brushset,Berry Delight,video.tmp/Berry Delight.mp4,Duplicate name (2x)
Underwater_Fantasy.brushset,Underwater Fantasy,video.tmp/Underwater Fantasy.mp4,
Lion_bundle.brushset,Lion bundle,video.tmp/Lion bundle.mp4,
Hibiscus_Scene.brushset,Hibiscus Scene,video.tmp/Hibiscus Scene.mp4,
Mushroom_House.brushset,Mushroom House,video.tmp/Mushroom House.mp4,
Farmhouse.brushset,Farmhouse,video.tmp/Farmhouse.mp4,
Victorian_Interiors.brushset,Victorian Interiors,video.tmp/Victorian Interiors.mp4,
Anime_Warrior.brushset,Anime Warrior,video.tmp/Anime Warrior.mp4,
Drone_Scene.brushset,Drone Scene,video.tmp/Drone Scene.mp4,
Greek_Mythology.brushset,Greek Mythology,video.tmp/Greek Mythology.mp4,
Classic_Monster.brushset,Classic Monster,video.tmp/Classic Monster.mp4,
beach_huts.brushset,beach huts,video.tmp/beach huts.mp4,
Gardening_Tools.brushset,Gardening Tools,video.tmp/Gardening Tools.mp4,
Cattle_Drive_Scenes.brushset,Cattle Drive Scenes,video.tmp/Cattle Drive Scenes.mp4,
Chicken_Coop.brushset,Chicken Coop,video.tmp/Chicken Coop.mp4,
Cowgirl_Outfits.brushset,Cowgirl Outfits,video.tmp/Cowgirl Outfits.mp4,
Tropical_Leaves.brushset,Tropical Leaves,video.tmp/Tropical Leaves.mp4,
Eye_Guide.brushset,Eye Guide,video.tmp/Eye Guide.mp4,
Christmas_Treat.brushset,19 Christmas Treat,video.tmp/19 Christmas Treat.mp4,
Herb_Garden.brushset,Herb Garden,video.tmp/Herb Garden.mp4,
Tropical_Paradise.brushset,Tropical Paradise,video.tmp/Tropical Paradise.mp4,
Traveling_Scene.brushset,Traveling Scene,video.tmp/Traveling Scene.mp4,
School_Playground.brushset,School Playground,video.tmp/School Playground.mp4,
Mountain_Bundle.brushset,Mountain Bundle,video.tmp/Mountain Bundle.mp4,
Luxury_Yacht.brushset,Luxury Yacht,video.tmp/Luxury Yacht.mp4,
Rickshaw__Tuk-Tuk.brushset,Rickshaw  Tuk-Tuk,video.tmp/Rickshaw  Tuk-Tuk.mp4,
Haunted_Forest.brushset,Haunted Forest,video.tmp/Haunted Forest.mp4,
Thanksgiving_Illustration.brushset,Thanksgiving Illustration,video.tmp/Thanksgiving Illustration.mp4,
Eastern_Bluebird.brushset,Eastern Bluebird,video.tmp/Eastern Bluebird.mp4,
Seafood_Feast.brushset,Seafood Feast,video.tmp/Seafood Feast.mp4,
Beetle_Variety (1).brushset,Beetle Variety,video.tmp/Beetle Variety.mp4,Duplicate name (2x)
Christian_Saints.brushset,Christian Saints,video.tmp/Christian Saints.mp4,
Flowering_Plants.brushset,Flowering Plants,video.tmp/Flowering Plants.mp4,
Western_Barn_Scenes.brushset,Western Barn Scenes,video.tmp/Western Barn Scenes.mp4,
Victorian_Science_and_Inventions.brushset,Victorian Science and Inventions,video.tmp/Victorian Science and Inventions.mp4,
Elven_Kingdom.brushset,Elven Kingdom,video.tmp/Elven Kingdom.mp4,
Bees_&_Honeycomb.brushset,Bees & Honeycomb,video.tmp/Bees & Honeycomb.mp4,
Modern_Coffee_Table.brushset,Modern Coffee Table,video.tmp/Modern Coffee Table.mp4,
Halloween_Treats.brushset,Halloween Treats,video.tmp/Halloween Treats.mp4,
minimalist_architecture.brushset,minimalist architecture,video.tmp/minimalist architecture.mp4,
Dragonflies_&_Damselflies.brushset,Dragonflies & Damselflies,video.tmp/Dragonflies & Damselflies.mp4,
Steampunk_World.brushset,Steampunk World,video.tmp/Steampunk World.mp4,
Vintage_Handbag.brushset,Vintage Handbag,video.tmp/Vintage Handbag.mp4,
Kawaii_Fight.brushset,Kawaii Fight,video.tmp/Kawaii Fight.mp4,
Victorian_Etiquette.brushset,Victorian Etiquette,video.tmp/Victorian Etiquette.mp4,
Horse_Stable.brushset,Horse Stable,video.tmp/Horse Stable.mp4,
Farmer's_Life.brushset,Farmer's Life,video.tmp/Farmer's Life.mp4,
Old-Fashioned_American_Street.brushset,Old-Fashioned American Street,video.tmp/Old-Fashioned American Street.mp4,
Floral_and_Fauna_Fusion.brushset,Floral and Fauna Fusion,video.tmp/Floral and Fauna Fusion.mp4,
Anime_Space_Battle.brushset,Anime Space Battle,video.tmp/Anime Space Battle.mp4,
Simple_Makeup_Brush.brushset,Simple Makeup Brush,video.tmp/Simple Makeup Brush.mp4,
featuring_trains.brushset,featuring trains,video.tmp/featuring trains.mp4,
Dining_Rooms.brushset,Dining Rooms,video.tmp/Dining Rooms.mp4,
Bee_Garden.brushset,Bee Garden,video.tmp/Bee Garden.mp4,
Woman_Profile.brushset,Woman Profile,video.tmp/Woman Profile.mp4,
Bald_Eagle_Bundle.brushset,Bald Eagle Bundle,video.tmp/Bald Eagle Bundle.mp4,
Cosmic_Objects.brushset,Cosmic Objects,video.tmp/Cosmic Objects.mp4,
13_Galaxy_Tattoo.brushset,13 Galaxy Tattoo,video.tmp/13 Galaxy Tattoo.mp4,
Hedgehog_bundle.brushset,Hedgehog bundle,video.tmp/Hedgehog bundle.mp4,
Gothic_Crosses_Relics.brushset,22 Gothic Crosses Relics,MISSING,
Video_Game.brushset,Video Game,video.tmp/Video Game.mp4,
"Berlin,_Germany.brushset","Berlin, Germany","video.tmp/Berlin, Germany.mp4",
historical_landmarks.brushset,historical landmarks,video.tmp/historical landmarks.mp4,
Alien_Species_Collection.brushset,Alien Species Collection,video.tmp/Alien Species Collection.mp4,
octopus_tattoos.brushset,octopus tattoos,video.tmp/octopus tattoos.mp4,
dentist.brushset,dentist,video.tmp/dentist.mp4,
Woman_Enjoying_Nature.brushset,Woman Enjoying Nature,video.tmp/Woman Enjoying Nature.mp4,
Haunted_house.brushset,Haunted house,video.tmp/Haunted house.mp4,
Creative_Arts_bundle.brushset,Creative Arts bundle,video.tmp/Creative Arts bundle.mp4,
flying_insects.brushset,flying insects,video.tmp/flying insects.mp4,
Easter_collection.brushset,Easter collection,video.tmp/Easter collection.mp4,
"Denver,_CO.brushset","Denver, CO","video.tmp/Denver, CO.mp4",
Gentleman_in_a_Suit.brushset,Gentleman in a Suit,video.tmp/Gentleman in a Suit.mp4,
Kawaii_School_Scene.brushset,Kawaii School Scene,video.tmp/Kawaii School Scene.mp4,
Unicorn_Meadow.brushset,Unicorn Meadow,video.tmp/Unicorn Meadow.mp4,
Jesus_bundle.brushset,Jesus bundle,video.tmp/Jesus bundle.mp4,
Religious_architecture.brushset,Religious architecture,video.tmp/Religious architecture.mp4,
Desert_Dunes.brushset,Desert Dunes,video.tmp/Desert Dunes.mp4,
sword_tattoo.brushset,sword tattoo,video.tmp/sword tattoo.mp4,
Engineer.brushset,Engineer,video.tmp/Engineer.mp4,
A_Hawk_Bundle.brushset,A Hawk Bundle,video.tmp/A Hawk Bundle.mp4,
Rhino_Bundle.brushset,Rhino Bundle,video.tmp/Rhino Bundle.mp4,
Kawaii_Food_Items.brushset,Kawaii Food Items,video.tmp/Kawaii Food Items.mp4,
Western_Saloon_Scenes.brushset,Western Saloon Scenes,video.tmp/Western Saloon Scenes.mp4,
Playing_With_Pets.brushset,Playing With Pets,video.tmp/Playing With Pets.mp4,
Game_Rooms.brushset,Game Rooms,video.tmp/Game Rooms.mp4,
Woman_Pose.brushset,Woman Pose,video.tmp/Woman Pose.mp4,
Kitchen_Island_with_Stools.brushset,Kitchen Island with Stools,video.tmp/Kitchen Island with Stools.mp4,
New_York_City.brushset,New York City,video.tmp/New York City.mp4,
Belts_&_Buckles.brushset,Belts & Buckles,video.tmp/Belts & Buckles.mp4,
"Dallas,_TX.brushset","Dallas, TX","video.tmp/Dallas, TX.mp4",
Zombie_Horror.brushset,Zombie Horror,video.tmp/Zombie Horror.mp4,
Anime_Hero.brushset,Anime Hero,video.tmp/Anime Hero.mp4,
Slippers_bundle.brushset,Slippers bundle,video.tmp/Slippers bundle.mp4,
Wolf_Bundle.brushset,Wolf Bundle,video.tmp/Wolf Bundle.mp4,
Wings_Types.brushset,Wings Types,video.tmp/Wings Types.mp4,
8_Woodland_Animals.brushset,8 Woodland Animals,video.tmp/8 Woodland Animals.mp4,
Nail_Polish_Scene.brushset,Nail Polish Scene,video.tmp/Nail Polish Scene.mp4,
Farm_Equipment.brushset,Farm Equipment,video.tmp/Farm Equipment.mp4,
"Seattle,_WA.brushset","Seattle, WA","video.tmp/Seattle, WA.mp4",
Crop_Top_and_Skirt.brushset,Crop Top and Skirt,video.tmp/Crop Top and Skirt.mp4,
Picnic_Essentials.brushset,Picnic Essentials,video.tmp/Picnic Essentials.mp4,
traditional_houses.brushset,traditional houses,video.tmp/traditional houses.mp4,
Luxury_Cars.brushset,Luxury Cars,video.tmp/Luxury Cars.mp4,
Wizard’s_Lair.brushset,Wizard’s Lair,video.tmp/Wizard’s Lair.mp4,
Floral_Hair_Clip.brushset,Floral Hair Clip,video.tmp/Floral Hair Clip.mp4,
Nurse.brushset,Nurse,video.tmp/Nurse.mp4,
Hair_Accessories.brushset,Hair Accessories,video.tmp/Hair Accessories.mp4,
Nose.brushset,Nose,video.tmp/Nose.mp4,
Anime_Sword_Fight.brushset,Anime Sword Fight,video.tmp/Anime Sword Fight.mp4,
Kawaii_Mushroom.brushset,Kawaii Mushroom,video.tmp/Kawaii Mushroom.mp4,
Cherry_Blossom_Grove.brushset,Cherry Blossom Grove,video.tmp/Cherry Blossom Grove.mp4,
Eastern_Chipmunk.brushset,Eastern Chipmunk,video.tmp/Eastern Chipmunk.mp4,
Religious_Symbols.brushset,Religious Symbols,video.tmp/Religious Symbols.mp4,
Urban_Biking.brushset,Urban Biking,video.tmp/Urban Biking.mp4,
Steam_Age.brushset,Steam Age,video.tmp/Steam Age.mp4,
Lavender_Scene.brushset,Lavender Scene,video.tmp/Lavender Scene.mp4,
Pumpkin_Scene.brushset,27 Pumpkin Scene,MISSING,
Daughter_in_Unique_Dress_Pose.brushset,Daughter in Unique Dress Pose,video.tmp/Daughter in Unique Dress Pose.mp4,
Sad_Pose.brushset,Sad Pose,video.tmp/Sad Pose.mp4,
Buddhist_Monks_and_Temples.brushset,Buddhist Monks and Temples,video.tmp/Buddhist Monks and Temples.mp4,
Summer_Fun.brushset,Summer Fun,video.tmp/Summer Fun.mp4,
Winery_Scene.brushset,Winery Scene,video.tmp/Winery Scene.mp4,
Kawaii_Schoolgirl.brushset,Kawaii Schoolgirl,video.tmp/Kawaii Schoolgirl.mp4,
9_Animal_Couple.brushset,9 Animal Couple,video.tmp/9 Animal Couple.mp4,
Achievement_Awards.brushset,Achievement Awards,video.tmp/Achievement Awards.mp4,
2_Aquatic_Animals.brushset,2 Aquatic Animals,video.tmp/2 Aquatic Animals.mp4,
"Rome,_Italy.brushset","Rome, Italy","video.tmp/Rome, Italy.mp4",
red_fox_bundle.brushset,red fox bundle,video.tmp/red fox bundle.mp4,
Church_Architecture.brushset,Church Architecture,video.tmp/Church Architecture.mp4,
Tropical_Beach.brushset,Tropical Beach,video.tmp/Tropical Beach.mp4,
owl_tattoo.brushset,owl tattoo,video.tmp/owl tattoo.mp4,
Police_Oficer.brushset,Police Ofiicer,video.tmp/Police Ofiicer.mp4,
Scarves_&_Shawls.brushset,Scarves & Shawls,video.tmp/Scarves & Shawls.mp4,
Cabin_in_the_forest.brushset,Cabin in the forest,video.tmp/Cabin in the forest.mp4,
Viking_Longships.brushset,Viking Longships,video.tmp/Viking Longships.mp4,
Great_Horned_Owl.brushset,Great Horned Owl,video.tmp/Great Horned Owl.mp4,
Street_Food_Stalls.brushset,Street Food Stalls,video.tmp/Street Food Stalls.mp4,
Happy_Pose.brushset,Happy Pose,video.tmp/Happy Pose.mp4,
Kawaii_Unicorn.brushset,Kawaii Unicorn,video.tmp/Kawaii Unicorn.mp4,
Necklaces_&_Pendants.brushset,Necklaces & Pendants,video.tmp/Necklaces & Pendants.mp4,
"Toronto,_Canada.brushset","Toronto, Canada","video.tmp/Toronto, Canada.mp4",
U.S_Army.brushset,U.S Army,video.tmp/U.S Army.mp4,
Handbags_&_Purses.brushset,Handbags & Purses,video.tmp/Handbags & Purses.mp4,
Dining_Table_with_Chairs.brushset,Dining Table with Chairs,video.tmp/Dining Table with Chairs.mp4,
Anime_Fight_Scene.brushset,Anime Fight Scene,video.tmp/Anime Fight Scene.mp4,
"Chicago,_IL.brushset","Chicago, IL","video.tmp/Chicago, IL.mp4",
Fern_Forest.brushset,Fern Forest,video.tmp/Fern Forest.mp4,
Forest_Scene.brushset,Forest Scene,video.tmp/Forest Scene.mp4,
Mysterious_Cult.brushset,Mysterious Cult,video.tmp/Mysterious Cult.mp4,
Wildflower_Meadow.brushset,Wildflower Meadow,video.tmp/Wildflower Meadow.mp4,
Underwater_Life.brushset,Underwater Life,video.tmp/Underwater Life.mp4,
Tropical_Palm_Trees_on_the_Beach.brushset,Tropical Palm Trees on the Beach,video.tmp/Tropical Palm Trees on the Beach.mp4,
Graveyard_bundle.brushset,Graveyard bundle,video.tmp/Graveyard bundle.mp4,
Chunky_Sneakers_Scene.brushset,Chunky Sneakers Scene,video.tmp/Chunky Sneakers Scene.mp4,
Giraffe_Bundle.brushset,Giraffe Bundle,video.tmp/Giraffe Bundle.mp4,
Street_Style.brushset,Street Style,video.tmp/Street Style.mp4,
Fashion_Hats.brushset,Fashion Hats,video.tmp/Fashion Hats.mp4,
Couple_Kissing.brushset,Couple Kissing,video.tmp/Couple Kissing.mp4,
Bakery.brushset,Bakery,video.tmp/Bakery.mp4,
"Istanbul,_Turkey.brushset","Istanbul, Turkey","video.tmp/Istanbul, Turkey.mp4",
"San_Francisco,_CA.brushset","San Francisco, CA","video.tmp/San Francisco, CA.mp4",
Hospitality_and_Service.brushset,Hospitality and Service,video.tmp/Hospitality and Service.mp4,
Isometric_Bathrooms.brushset,Isometric Bathrooms,video.tmp/Isometric Bathrooms.mp4,
Anime_Schoolboy.brushset,Anime Schoolboy,video.tmp/Anime Schoolboy.mp4,
featuring_airplanes.brushset,featuring airplanes,video.tmp/featuring airplanes.mp4,
Anime_Mecha.brushset,Anime Mecha,video.tmp/Anime Mecha.mp4,
Fish_Scene.brushset,Fish Scene,video.tmp/Fish Scene.mp4,
A_Girl_Dancing.brushset,A Girl Dancing,video.tmp/A Girl Dancing.mp4,
Santa_and_Reindeer.brushset,28 Santa and Reindeer,video.tmp/28 Santa and Reindeer.mp4,
Hiking_Pose.brushset,Hiking Pose,video.tmp/Hiking Pose.mp4,
Garden_Scene.brushset,Garden Scene,video.tmp/Garden Scene.mp4,
Secret_Doorways.brushset,Secret Doorways,video.tmp/Secret Doorways.mp4,
Living_Rooms.brushset,Living Rooms,video.tmp/Living Rooms.mp4,
Short_Haircuts.brushset,Short Haircuts,video.tmp/Short Haircuts.mp4,
snake_and_dagger_tattoo.brushset,snake and dagger tattoo,video.tmp/snake and dagger tattoo.mp4,
Jewelry_Collection.brushset,Jewelry Collection,video.tmp/Jewelry Collection.mp4,
Daughter_Playing_Pose.brushset,Daughter Playing Pose,video.tmp/Daughter Playing Pose.mp4,
American_Kestrel.brushset,American Kestrel,video.tmp/American Kestrel.mp4,
Skating_Pose.brushset,Skating Pose,video.tmp/Skating Pose.mp4,
Rainforest_scenes.brushset,Rainforest scenes,video.tmp/Rainforest scenes.mp4,
Magical_Creatures.brushset,Magical Creatures,video.tmp/Magical Creatures.mp4,
Pirate_Adventures.brushset,Pirate Adventures,video.tmp/Pirate Adventures.mp4,
Spider_Web_Tattoos.brushset,Spider Web Tattoos,video.tmp/Spider Web Tattoos.mp4,
stadium_bundle.brushset,stadium bundle,video.tmp/stadium bundle.mp4,
Kawaii_Alien.brushset,Kawaii Alien,video.tmp/Kawaii Alien.mp4,
Mountain_Cottage.brushset,Mountain Cottage,video.tmp/Mountain Cottage.mp4,
Technology_and_IT.brushset,Technology and IT,video.tmp/Technology and IT.mp4,
Goggles.brushset,Goggles,video.tmp/Goggles.mp4,
Fisherman_Accessories.brushset,Fisherman Accessories,video.tmp/Fisherman Accessories.mp4,
Time_Travel_Adventures.brushset,Time Travel Adventures,video.tmp/Time Travel Adventures.mp4,
Ice_Fishing.brushset,Ice Fishing,video.tmp/Ice Fishing.mp4,
Dark_Forest.brushset,Dark Forest,video.tmp/Dark Forest.mp4,
Man_or_a_Woman_Playing_Guitar.brushset,Man or a Woman Playing Guitar,video.tmp/Man or a Woman Playing Guitar.mp4,
Gym_Settings.brushset,Gym Settings,video.tmp/Gym Settings.mp4,
Woman_Playing_Sports.brushset,Woman Playing Sports,video.tmp/Woman Playing Sports.mp4,
Sneakers_bundle.brushset,Sneakers bundle,video.tmp/Sneakers bundle.mp4,
American_Bullfrog.brushset,American Bullfrog,video.tmp/American Bullfrog.mp4,
Scary_Mask_and_Faces.brushset,29 Scary Mask and Faces,MISSING,
Tattoo.brushset,Tattoo,video.tmp/Tattoo.mp4,
Education_and_Teaching.brushset,Education and Teaching,video.tmp/Education and Teaching.mp4,
construction_vehicles.brushset,construction vehicles,video.tmp/construction vehicles.mp4,
Christian_bundle.brushset,Christian bundle,video.tmp/Christian bundle.mp4,
Grasshoppers_&_Crickets.brushset,Grasshoppers & Crickets,video.tmp/Grasshoppers & Crickets.mp4,
Berry_Delight (1).brushset,Berry Delight,video.tmp/Berry Delight.mp4,Duplicate name (2x)
Cactus_Collection.brushset,Cactus Collection,video.tmp/Cactus Collection.mp4,
Fox_Bundle.brushset,Fox Bundle,video.tmp/Fox Bundle.mp4,
Bookshelf.brushset,Bookshelf,video.tmp/Bookshelf.mp4,
Galaxies_and_Nebulas.brushset,Galaxies and Nebulas,video.tmp/Galaxies and Nebulas.mp4,
Puppy_Bundle.brushset,Puppy Bundle,video.tmp/Puppy Bundle.mp4,
Autumn_Forest.brushset,Autumn Forest,video.tmp/Autumn Forest.mp4,
Japanese_Furniture.brushset,Japanese Furniture,video.tmp/Japanese Furniture.mp4,
Enchanted_Ball.brushset,Enchanted Ball,video.tmp/Enchanted Ball.mp4,
isometric_cityscapes.brushset,isometric cityscapes,video.tmp/isometric cityscapes.mp4,
Hourglass_tattoos.brushset,Hourglass tattoos,video.tmp/Hourglass tattoos.mp4,
Couple_Dancing.brushset,Couple Dancing,video.tmp/Couple Dancing.mp4,
Isometric_Kitchens.brushset,Isometric Kitchens,video.tmp/Isometric Kitchens.mp4,
Lipstick_Scene.brushset,Lipstick Scene,video.tmp/Lipstick Scene.mp4,
Victorian_Literature.brushset,Victorian Literature,video.tmp/Victorian Literature.mp4,
Kawaiii_Mermaid.brushset,Kawaiii Mermaid,video.tmp/Kawaiii Mermaid.mp4,
"Las_Vegas,_NV.brushset","Las Vegas, NV","video.tmp/Las Vegas, NV.mp4",
Waterfall_in_Jungle.brushset,Waterfall in Jungle,video.tmp/Waterfall in Jungle.mp4,
Christmas_collection.brushset,Christmas collection,video.tmp/Christmas collection.mp4,
Mermaid_Lagoon.brushset,Mermaid Lagoon,video.tmp/Mermaid Lagoon.mp4,
--- MISSING ENTRIES ---,,,
Haunted_House (1).brushset,Haunted House,MISSING,
Coffee_Shop.brushset,Coffee Shop,MISSING,
Winter_Wonderland.brushset,30 Winter Wonderland,MISSING,
Gothic_Crosses_Relics.brushset,22 Gothic Crosses Relics,MISSING,
Pumpkin_Scene.brushset,27 Pumpkin Scene,MISSING,
Scary_Mask_and_Faces.brushset,29 Scary Mask and Faces,MISSING,
--- DUPLICATE ENTRIES ---,,,
Exotic_Fruits (1).brushset,Exotic Fruits,video.tmp/Exotic Fruits.mp4,Duplicate name (2x)
Exotic_Fruits.brushset,Exotic Fruits,video.tmp/Exotic Fruits.mp4,Duplicate name (2x)
Autumn_Fruits.brushset,Autumn Fruits,video.tmp/Autumn Fruits.mp4,Duplicate name (2x)
Autumn_Fruits (1).brushset,Autumn Fruits,video.tmp/Autumn Fruits.mp4,Duplicate name (2x)
Beetle_Variety.brushset,Beetle Variety,video.tmp/Beetle Variety.mp4,Duplicate name (2x)
Berry_Delight.brushset,Berry Delight,video.tmp/Berry Delight.mp4,Duplicate name (2x)
Beetle_Variety (1).brushset,Beetle Variety,video.tmp/Beetle Variety.mp4,Duplicate name (2x)
Berry_Delight (1).brushset,Berry Delight,video.tmp/Berry Delight.mp4,Duplicate name (2x)
